Time Range,Flag,Vessel Name,Entry Timestamp,Exit Timestamp,Gear Type,Vessel Type,MMSI,IMO,CallSign,First Transmission Date,Last Transmission Date,Apparent Fishing Hours
"2024-07-01T00:00:00.000Z,2025-07-01T00:00:00.000Z",KOR,716 ORYONG,2024-12-22T13:00:00Z,2024-12-22T14:00:00Z,DRIFTING_LONGLINES,FISHING,440934000,8717879,DTAC3,2012-07-17T17:57:38Z,2025-07-18T23:59:57Z,0.46
"2024-07-01T00:00:00.000Z,2025-07-01T00:00:00.000Z",TWN,MAAN YU FENG 368,2024-11-17T11:00:00Z,2025-06-27T10:00:00Z,DRIFTING_LONGLINES,FISHING,416003703,,BG3805,2024-10-21T20:42:17Z,2025-07-18T23:54:57Z,888.86
"2024-07-01T00:00:00.000Z,2025-07-01T00:00:00.000Z",TWN,JIN MAN FU NO10,2024-07-13T20:00:00Z,2024-09-12T18:00:00Z,DRIFTING_LONGLINES,FISHING,416004375,,BJ5091,2024-06-12T09:04:10Z,2025-07-18T22:19:12Z,1070.29
"2024-07-01T00:00:00.000Z,2025-07-01T00:00:00.000Z",TWN,CHIN YOU WEN,2024-08-26T15:00:00Z,2024-08-26T15:00:00Z,DRIFTING_LONGLINES,FISHING,416122800,,,2013-07-08T07:18:13Z,2024-09-05T02:42:30Z,0.29
"2024-07-01T00:00:00.000Z,2025-07-01T00:00:00.000Z",TWN,MAAN YU FENG 3,2024-07-25T17:00:00Z,2024-08-06T07:00:00Z,DRIFTING_LONGLINES,FISHING,416003009,,BJ5009,2024-03-27T23:34:38Z,2024-10-26T22:02:06Z,144.23
"2024-07-01T00:00:00.000Z,2025-07-01T00:00:00.000Z",TWN,YUAN LONG,2024-07-19T16:00:00Z,2024-07-22T04:00:00Z,DRIFTING_LONGLINES,FISHING,416009187,,BH3555,2022-12-15T01:09:27Z,2025-07-18T23:59:38Z,8.73
"2024-07-01T00:00:00.000Z,2025-07-01T00:00:00.000Z",TWN,,2025-03-09T21:00:00Z,2025-04-16T23:00:00Z,DRIFTING_LONGLINES,FISHING,416227800,,BG3871,2024-09-03T03:45:59Z,2025-07-07T00:42:30Z,657.37
"2024-07-01T00:00:00.000Z,2025-07-01T00:00:00.000Z",TWN,JIA YU FA,2025-02-26T19:00:00Z,2025-04-15T15:00:00Z,DRIFTING_LONGLINES,FISHING,416000212,,BJ4606,2015-03-27T06:18:10Z,2025-07-18T23:57:53Z,724.81
"2024-07-01T00:00:00.000Z,2025-07-01T00:00:00.000Z",TWN,YU  FU,2024-10-08T08:00:00Z,2025-05-22T17:00:00Z,DRIFTING_LONGLINES,FISHING,416000986,,BJ-4657,2014-12-21T10:20:37Z,2025-07-18T23:59:01Z,2659.13
"2024-07-01T00:00:00.000Z,2025-07-01T00:00:00.000Z",JPN,YAIZU,2024-10-12T02:00:00Z,2024-10-12T23:00:00Z,FISHING,FISHING,432706000,9524877,7JEW,2012-01-25T11:25:27Z,2025-07-03T23:19:21Z,1.72
"2024-07-01T00:00:00.000Z,2025-07-01T00:00:00.000Z",JPN,INARIMARU NO.85,2024-11-10T22:00:00Z,2025-01-31T04:00:00Z,POLE_AND_LINE,FISHING,432507000,9326263,7JAN,2016-05-25T00:36:58Z,2025-07-18T23:59:59Z,376.16
"2024-07-01T00:00:00.000Z,2025-07-01T00:00:00.000Z",TWN,HUNG WEN NO.322,2025-02-06T01:00:00Z,2025-02-12T18:00:00Z,DRIFTING_LONGLINES,FISHING,416005836,,BH3518,2021-06-30T07:01:16Z,2025-07-18T23:59:45Z,74.24
"2024-07-01T00:00:00.000Z,2025-07-01T00:00:00.000Z",TWN,DONG SHENG JYI NO 16,2025-02-28T23:00:00Z,2025-05-01T02:00:00Z,DRIFTING_LONGLINES,FISHING,416002096,,BJ3945,2014-06-25T11:42:04Z,2025-07-18T23:59:18Z,1286.69
"2024-07-01T00:00:00.000Z,2025-07-01T00:00:00.000Z",TWN,YI RONG NO268,2025-06-04T23:00:00Z,2025-06-06T04:00:00Z,DRIFTING_LONGLINES,FISHING,416008922,,,2022-06-07T01:31:18Z,2025-07-18T23:58:30Z,5.63
"2024-07-01T00:00:00.000Z,2025-07-01T00:00:00.000Z",TWN,LI CHENG NO.28,2024-07-01T00:00:00Z,2024-09-02T15:00:00Z,SET_LONGLINES,FISHING,416127500,,BJ4581,2016-09-05T04:19:39Z,2025-03-19T07:28:47Z,969.75
"2024-07-01T00:00:00.000Z,2025-07-01T00:00:00.000Z",KOR,315 O RYONG,2025-06-07T11:00:00Z,2025-06-07T11:00:00Z,DRIFTING_LONGLINES,FISHING,440731000,8714188,DTDZ,2012-01-01T01:28:33Z,2025-07-16T00:06:04Z,0.56
"2024-07-01T00:00:00.000Z,2025-07-01T00:00:00.000Z",TWN,LIEN YU CHUN 23,2025-01-22T14:00:00Z,2025-05-18T16:00:00Z,DRIFTING_LONGLINES,FISHING,416002946,,BJ4888,2015-12-30T11:43:53Z,2025-06-04T04:40:52Z,1097.88
"2024-07-01T00:00:00.000Z,2025-07-01T00:00:00.000Z",JPN,MIAMARU NO.78,2024-07-19T11:00:00Z,2024-07-22T15:00:00Z,DRIFTING_LONGLINES,FISHING,431005871,,,2016-04-14T05:11:50Z,2025-06-19T00:31:44Z,74.19
"2024-07-01T00:00:00.000Z,2025-07-01T00:00:00.000Z",TWN,SHENG I TSAI NO888,2025-01-04T19:00:00Z,2025-05-26T14:00:00Z,DRIFTING_LONGLINES,FISHING,416230500,,BJ4963,2022-01-25T16:19:34Z,2025-07-18T23:51:41Z,2400.05
"2024-07-01T00:00:00.000Z,2025-07-01T00:00:00.000Z",TWN,MAAN YU FENG 3,2025-01-12T20:00:00Z,2025-03-11T02:00:00Z,DRIFTING_LONGLINES,FISHING,416003009,,BG4053,2024-10-30T06:19:34Z,2025-07-18T17:40:08Z,1141.74
"2024-07-01T00:00:00.000Z,2025-07-01T00:00:00.000Z",JPN,KYOYOMARU NO.3,2025-01-17T18:00:00Z,2025-03-30T23:00:00Z,POLE_AND_LINE,FISHING,431487000,9194945,JDYU,2022-01-16T23:38:15Z,2025-07-18T23:58:47Z,145.35
"2024-07-01T00:00:00.000Z,2025-07-01T00:00:00.000Z",JPN,HANEIMARU NO.36,2025-04-24T23:00:00Z,2025-06-23T17:00:00Z,DRIFTING_LONGLINES,FISHING,431005009,,,2015-10-15T22:34:07Z,2025-07-18T03:58:09Z,361.14
"2024-07-01T00:00:00.000Z,2025-07-01T00:00:00.000Z",JPN,IROHAMARU  NO.71,2024-07-09T20:00:00Z,2024-07-27T12:00:00Z,DRIFTING_LONGLINES,FISHING,431200503,,,2021-10-11T01:59:28Z,2025-07-15T00:08:25Z,264.52
"2024-07-01T00:00:00.000Z,2025-07-01T00:00:00.000Z",CHN,XIN SHI JI 36,2024-07-25T15:00:00Z,2024-07-25T15:00:00Z,DRIFTING_LONGLINES,FISHING,412674190,9971161,BZUU2,2022-05-06T03:21:18Z,2024-11-11T01:21:16Z,0.65
"2024-07-01T00:00:00.000Z,2025-07-01T00:00:00.000Z",TWN,CHARNG FU HUNG NO116,2025-01-29T23:00:00Z,2025-04-05T23:00:00Z,DRIFTING_LONGLINES,FISHING,416009283,,BH3554,2023-06-27T08:42:05Z,2025-07-18T23:59:32Z,9.29
"2024-07-01T00:00:00.000Z,2025-07-01T00:00:00.000Z",TWN,ZHEN FENG NO.2,2024-08-19T01:00:00Z,2024-08-25T14:00:00Z,DRIFTING_LONGLINES,FISHING,416003869,,BJ4527,2016-04-27T18:54:13Z,2024-09-12T03:43:56Z,138.78
"2024-07-01T00:00:00.000Z,2025-07-01T00:00:00.000Z",TWN,YI TIAN,2025-03-20T06:00:00Z,2025-03-20T09:00:00Z,DRIFTING_LONGLINES,FISHING,416142600,,BH3368,2025-02-24T02:26:33Z,2025-07-18T23:59:21Z,2.04
"2024-07-01T00:00:00.000Z,2025-07-01T00:00:00.000Z",JPN,CHIRYUMARU NO.3,2025-06-19T23:00:00Z,2025-06-24T16:00:00Z,DRIFTING_LONGLINES,FISHING,431600260,,,2022-10-27T00:24:51Z,2025-07-18T01:45:46Z,41.67
"2024-07-01T00:00:00.000Z,2025-07-01T00:00:00.000Z",TWN,JIN HUNG HSIAANG,2024-07-01T00:00:00Z,2024-07-31T17:00:00Z,DRIFTING_LONGLINES,FISHING,416002446,,BJ4795,2021-09-14T05:56:50Z,2025-07-18T23:52:01Z,682.55
"2024-07-01T00:00:00.000Z,2025-07-01T00:00:00.000Z",JPN,SHICHIHUKUJIN MARU,2024-07-02T19:00:00Z,2024-07-15T10:00:00Z,DRIFTING_LONGLINES,FISHING,431603270,,,2019-12-20T10:30:25Z,2025-07-18T21:33:34Z,83.91
"2024-07-01T00:00:00.000Z,2025-07-01T00:00:00.000Z",TWN,CHI FA NO.1888,2025-01-27T21:00:00Z,2025-02-01T16:00:00Z,DRIFTING_LONGLINES,FISHING,416005715,,BH3495,2021-10-01T07:57:38Z,2025-06-09T07:00:19Z,47.34
"2024-07-01T00:00:00.000Z,2025-07-01T00:00:00.000Z",TWN,DE CHAN NO.26,2024-07-01T01:00:00Z,2024-07-03T15:00:00Z,DRIFTING_LONGLINES,FISHING,416247500,,BJ5094,2014-08-06T01:43:20Z,2025-07-18T23:59:33Z,36.11
"2024-07-01T00:00:00.000Z,2025-07-01T00:00:00.000Z",KOR,DONGWON NO.205,2024-11-27T23:00:00Z,2024-11-28T02:00:00Z,DRIFTING_LONGLINES,FISHING,440788000,8717817,DTDV,2012-01-01T01:39:08Z,2025-07-18T23:47:09Z,2.98
"2024-07-01T00:00:00.000Z,2025-07-01T00:00:00.000Z",JPN,SHINEI MARU,2025-06-01T00:00:00Z,2025-06-01T05:00:00Z,DRIFTING_LONGLINES,FISHING,431601572,,,2020-10-29T00:09:33Z,2025-07-18T23:20:07Z,6.32
"2024-07-01T00:00:00.000Z,2025-07-01T00:00:00.000Z",TWN,HON YUN NO.23,2025-01-03T00:00:00Z,2025-03-11T17:00:00Z,DRIFTING_LONGLINES,FISHING,416002443,,BG3879,2023-11-16T02:59:18Z,2025-07-18T23:23:17Z,1487.09
"2024-07-01T00:00:00.000Z,2025-07-01T00:00:00.000Z",TWN,SHUI HO CHENG,2025-01-13T13:00:00Z,2025-06-30T13:00:00Z,DRIFTING_LONGLINES,FISHING,416000154,,BG4005,2024-12-19T07:26:05Z,2025-07-18T23:53:37Z,497.80
"2024-07-01T00:00:00.000Z,2025-07-01T00:00:00.000Z",TWN,SHENG MAN FENG,2024-07-25T12:00:00Z,2024-09-25T04:00:00Z,DRIFTING_LONGLINES,FISHING,416002506,,BJ4512,2023-09-14T03:12:07Z,2025-07-18T23:08:57Z,921.93
"2024-07-01T00:00:00.000Z,2025-07-01T00:00:00.000Z",TWN,ZHI JI FENG NO6,2025-03-06T12:00:00Z,2025-04-21T23:00:00Z,DRIFTING_LONGLINES,FISHING,416002445,,BJ4804,2012-10-08T00:36:48Z,2025-07-18T23:29:00Z,1012.15
"2024-07-01T00:00:00.000Z,2025-07-01T00:00:00.000Z",TWN,JI FU NO68,2024-07-01T00:00:00Z,2025-06-22T11:00:00Z,DRIFTING_LONGLINES,FISHING,416002981,,BG3985,2024-01-10T01:41:31Z,2025-07-17T19:12:18Z,1764.50
"2024-07-01T00:00:00.000Z,2025-07-01T00:00:00.000Z",TWN,YU CHUN NO166,2025-01-10T19:00:00Z,2025-02-05T17:00:00Z,DRIFTING_LONGLINES,FISHING,416002605,,BJ4837,2012-08-24T09:28:12Z,2025-07-18T23:58:56Z,580.89
"2024-07-01T00:00:00.000Z,2025-07-01T00:00:00.000Z",TWN,SHENG YU NO.36,2025-02-25T06:00:00Z,2025-04-08T09:00:00Z,DRIFTING_LONGLINES,FISHING,416000594,,YYYY,2018-01-06T04:41:46Z,2025-07-18T23:59:11Z,881.10
"2024-07-01T00:00:00.000Z,2025-07-01T00:00:00.000Z",TWN,MAN FU TSAI NO88,2024-11-22T22:00:00Z,2024-11-25T21:00:00Z,DRIFTING_LONGLINES,FISHING,416002825,,BG939,2024-08-12T00:20:29Z,2025-07-18T23:58:42Z,51.17
"2024-07-01T00:00:00.000Z,2025-07-01T00:00:00.000Z",TWN,MAAN HSING CHYUU,2025-02-28T23:00:00Z,2025-02-28T23:00:00Z,DRIFTING_LONGLINES,FISHING,416000196,,BR3231,2018-02-13T02:09:35Z,2025-07-18T23:59:41Z,0.22
"2024-07-01T00:00:00.000Z,2025-07-01T00:00:00.000Z",TWN,CHANG YI NO368,2025-01-26T19:00:00Z,2025-01-28T17:00:00Z,DRIFTING_LONGLINES,FISHING,416004248,,BG3706,2019-05-27T12:48:39Z,2025-07-18T23:57:22Z,30.90
"2024-07-01T00:00:00.000Z,2025-07-01T00:00:00.000Z",TWN,YI SHUN,2025-04-14T19:00:00Z,2025-04-14T23:00:00Z,DRIFTING_LONGLINES,FISHING,416368000,,BI2555,2015-04-24T08:05:05Z,2025-07-18T23:54:35Z,3.98
"2024-07-01T00:00:00.000Z,2025-07-01T00:00:00.000Z",TWN,SHENG I TSAI NO368,2024-07-01T00:00:00Z,2024-11-19T09:00:00Z,DRIFTING_LONGLINES,FISHING,416002858,,BG3875,2024-04-26T09:20:29Z,2025-07-18T23:44:05Z,1974.31
"2024-07-01T00:00:00.000Z,2025-07-01T00:00:00.000Z",CHN,JIN HUI 8,2024-07-07T15:00:00Z,2024-07-07T18:00:00Z,TUNA_PURSE_SEINES,FISHING,412371181,9676187,BIWM,2024-06-06T03:47:44Z,2025-07-14T19:52:44Z,2.60
"2024-07-01T00:00:00.000Z,2025-07-01T00:00:00.000Z",TWN,SHENG LIAN SHIANG 1,2024-07-01T00:00:00Z,2025-04-23T17:00:00Z,DRIFTING_LONGLINES,FISHING,416004043,,BJ5040,2016-04-28T11:46:57Z,2025-07-18T23:59:08Z,677.37
"2024-07-01T00:00:00.000Z,2025-07-01T00:00:00.000Z",TWN,YUAN SHENG NO868,2024-07-01T00:00:00Z,2025-06-30T18:00:00Z,DRIFTING_LONGLINES,FISHING,416003647,,BH3380,2023-05-14T22:28:25Z,2025-07-18T23:58:20Z,5675.85
"2024-07-01T00:00:00.000Z,2025-07-01T00:00:00.000Z",TWN,HER HAE NO.38,2024-07-01T00:00:00Z,2024-07-30T13:00:00Z,DRIFTING_LONGLINES,FISHING,416003472,,BJ4996,2016-02-17T07:18:08Z,2024-09-08T08:16:31Z,700.90
"2024-07-01T00:00:00.000Z,2025-07-01T00:00:00.000Z",TWN,CHANG YI NO.38,2025-01-19T19:00:00Z,2025-02-22T00:00:00Z,DRIFTING_LONGLINES,FISHING,416217900,,BJ4986,2018-09-04T07:11:25Z,2025-03-21T09:34:47Z,747.43
"2024-07-01T00:00:00.000Z,2025-07-01T00:00:00.000Z",TWN,SING MAN YI,2025-04-14T20:00:00Z,2025-04-30T16:00:00Z,DRIFTING_LONGLINES,FISHING,416002116,,BG3971,2024-04-05T07:34:59Z,2025-06-11T06:15:36Z,293.06
"2024-07-01T00:00:00.000Z,2025-07-01T00:00:00.000Z",JPN,YUJINMARU,2024-07-16T20:00:00Z,2024-08-31T17:00:00Z,DRIFTING_LONGLINES,FISHING,431501805,,,2016-09-09T00:02:00Z,2025-07-18T23:55:57Z,488.20
"2024-07-01T00:00:00.000Z,2025-07-01T00:00:00.000Z",JPN,NIKKOMARU NO111,2024-11-30T17:00:00Z,2025-03-21T09:00:00Z,POLE_AND_LINE,FISHING,431255000,9775189,7JUT,2023-05-02T04:44:26Z,2025-07-18T23:59:00Z,104.70
"2024-07-01T00:00:00.000Z,2025-07-01T00:00:00.000Z",TWN,AMALI,2025-04-03T10:00:00Z,2025-04-03T23:00:00Z,DRIFTING_LONGLINES,FISHING,416002099,,,2025-04-03T10:28:21Z,2025-06-04T06:58:55Z,13.43
"2024-07-01T00:00:00.000Z,2025-07-01T00:00:00.000Z",CHN,JIN SHENG NO.3,2025-06-07T16:00:00Z,2025-06-07T21:00:00Z,DRIFTING_LONGLINES,FISHING,412270001,,BZZY9,2021-10-21T09:06:54Z,2025-07-18T07:43:11Z,5.39
"2024-07-01T00:00:00.000Z,2025-07-01T00:00:00.000Z",TWN,JIN SHUN NO88,2024-07-01T00:00:00Z,2025-06-30T23:00:00Z,DRIFTING_LONGLINES,FISHING,416004342,,BG3980,2024-01-23T01:14:58Z,2025-07-18T23:56:27Z,3063.08
"2024-07-01T00:00:00.000Z,2025-07-01T00:00:00.000Z",JPN,EISEIMARU NO.31,2025-01-17T23:00:00Z,2025-03-18T22:00:00Z,POLE_AND_LINE,FISHING,431200970,,JJCP,2020-04-18T01:44:48Z,2025-07-18T23:59:01Z,212.08
"2024-07-01T00:00:00.000Z,2025-07-01T00:00:00.000Z",JPN,EISEIMARU NO.8,2025-01-26T18:00:00Z,2025-03-24T01:00:00Z,POLE_AND_LINE,FISHING,431200060,,JEED,2013-04-23T03:42:05Z,2025-07-17T06:08:22Z,155.87
"2024-07-01T00:00:00.000Z,2025-07-01T00:00:00.000Z",JPN,ASAHI MARU NO8,2024-11-27T20:00:00Z,2025-03-09T08:00:00Z,POLE_AND_LINE,FISHING,431171000,,JDYL,2017-03-18T01:17:17Z,2025-07-18T23:59:40Z,88.99
"2024-07-01T00:00:00.000Z,2025-07-01T00:00:00.000Z",KIR,TEMANIM 02,2024-09-24T14:00:00Z,2024-09-25T16:00:00Z,DRIFTING_LONGLINES,FISHING,529034000,9963188,T3FW,2024-08-03T02:23:26Z,2025-07-18T23:59:21Z,7.40
"2024-07-01T00:00:00.000Z,2025-07-01T00:00:00.000Z",TWN,JIN SING SHYANG NO11,2025-01-05T18:00:00Z,2025-01-09T13:00:00Z,DRIFTING_LONGLINES,FISHING,416003484,,BG3820,2022-10-22T00:26:02Z,2025-07-10T17:05:07Z,51.97
"2024-07-01T00:00:00.000Z,2025-07-01T00:00:00.000Z",CHN,XINSHIJI37,2025-01-03T19:00:00Z,2025-01-03T19:00:00Z,DRIFTING_LONGLINES,FISHING,412989000,,BZUY8,2018-09-02T02:31:13Z,2025-07-18T23:57:52Z,0.70
"2024-07-01T00:00:00.000Z,2025-07-01T00:00:00.000Z",TWN,SHENG I TSAI NO.668,2024-07-21T19:00:00Z,2024-11-18T17:00:00Z,SET_LONGLINES,FISHING,416001245,,BJ4728,2015-04-25T01:58:22Z,2025-07-18T23:48:46Z,1001.95
"2024-07-01T00:00:00.000Z,2025-07-01T00:00:00.000Z",TWN,SHEN LONG YU NO61,2024-07-01T00:00:00Z,2025-04-18T13:00:00Z,DRIFTING_LONGLINES,FISHING,416000775,,BG3804,2021-12-14T05:23:44Z,2025-07-18T23:57:50Z,1807.10
"2024-07-01T00:00:00.000Z,2025-07-01T00:00:00.000Z",TWN,MING I MAAN NO.168,2025-01-18T18:00:00Z,2025-04-27T14:00:00Z,DRIFTING_LONGLINES,FISHING,416220900,,BG3889,2023-08-19T01:05:14Z,2025-05-20T13:06:37Z,1711.13
"2024-07-01T00:00:00.000Z,2025-07-01T00:00:00.000Z",TWN,YI  FENG  NO816,2025-06-20T16:00:00Z,2025-06-30T23:00:00Z,DRIFTING_LONGLINES,FISHING,416002631,,BJ4852,2017-01-18T08:33:42Z,2025-07-18T23:57:24Z,185.51
"2024-07-01T00:00:00.000Z,2025-07-01T00:00:00.000Z",CHN,HONGYANG8,2025-01-30T23:00:00Z,2025-01-31T01:00:00Z,DRIFTING_LONGLINES,FISHING,412420875,,BZU5C,2013-09-17T07:53:20Z,2025-06-13T13:19:41Z,2.63
"2024-07-01T00:00:00.000Z,2025-07-01T00:00:00.000Z",JPN,YUUJINMARU NO.5,2024-08-30T12:00:00Z,2024-09-07T16:00:00Z,DRIFTING_LONGLINES,FISHING,431501647,,,2015-09-28T05:06:08Z,2025-07-18T23:59:19Z,182.14
"2024-07-01T00:00:00.000Z,2025-07-01T00:00:00.000Z",KOR,377 ORYONG,2025-06-07T10:00:00Z,2025-06-07T11:00:00Z,DRIFTING_LONGLINES,FISHING,441650000,9047893,DTBX2,2012-01-01T01:31:55Z,2025-07-18T23:59:52Z,1.05
"2024-07-01T00:00:00.000Z,2025-07-01T00:00:00.000Z",JPN,YUUJINMARU NO.58,2024-08-17T03:00:00Z,2024-08-30T16:00:00Z,DRIFTING_LONGLINES,FISHING,431601917,,,2015-06-02T07:27:19Z,2025-07-18T23:37:22Z,312.37
"2024-07-01T00:00:00.000Z,2025-07-01T00:00:00.000Z",TWN,MAAN YIH FENG NO26,2025-03-28T22:00:00Z,2025-04-08T17:00:00Z,DRIFTING_LONGLINES,FISHING,416000476,,BG4034,2024-09-02T09:22:05Z,2025-07-18T23:57:33Z,154.78
"2024-07-01T00:00:00.000Z,2025-07-01T00:00:00.000Z",JPN,MIAMARU NO.58,2024-07-05T00:00:00Z,2024-09-24T14:00:00Z,DRIFTING_LONGLINES,FISHING,431001322,,,2015-11-23T21:33:04Z,2025-07-18T17:28:04Z,708.98
"2024-07-01T00:00:00.000Z,2025-07-01T00:00:00.000Z",JPN,NO.11 MITSUMARU,2024-07-21T17:00:00Z,2025-06-13T13:00:00Z,DRIFTING_LONGLINES,FISHING,431602086,,,2015-06-10T23:22:43Z,2025-07-18T23:59:50Z,557.70
"2024-07-01T00:00:00.000Z,2025-07-01T00:00:00.000Z",TWN,MIN FA YU,2024-12-26T07:00:00Z,2025-04-13T13:00:00Z,DRIFTING_LONGLINES,FISHING,416002194,,BJ4765,2018-07-10T16:45:22Z,2025-07-18T22:46:07Z,792.69
"2024-07-01T00:00:00.000Z,2025-07-01T00:00:00.000Z",TWN,YU FENG NO.33,2025-01-11T00:00:00Z,2025-04-07T22:00:00Z,DRIFTING_LONGLINES,FISHING,416002198,,BJ4769,2021-10-22T01:55:38Z,2025-04-14T19:43:01Z,678.04
"2024-07-01T00:00:00.000Z,2025-07-01T00:00:00.000Z",KOR,316ORYONG,2024-10-05T20:00:00Z,2024-10-06T02:00:00Z,DRIFTING_LONGLINES,FISHING,440986000,9042037,6MBQ,2012-01-01T01:35:53Z,2025-07-18T23:58:32Z,5.48
"2024-07-01T00:00:00.000Z,2025-07-01T00:00:00.000Z",TWN,CHIN TE CHENG 188,2025-01-25T18:00:00Z,2025-02-04T16:00:00Z,DRIFTING_LONGLINES,FISHING,416002467,,BJ4807,2022-11-17T02:56:18Z,2025-07-18T23:36:42Z,231.92
"2024-07-01T00:00:00.000Z,2025-07-01T00:00:00.000Z",TWN,SHUI HO CHENG 6,2024-09-27T14:00:00Z,2025-01-22T22:00:00Z,DRIFTING_LONGLINES,FISHING,416003869,8530269,BJ4527,2024-09-17T01:02:11Z,2025-01-23T00:49:07Z,691.06
"2024-07-01T00:00:00.000Z,2025-07-01T00:00:00.000Z",JPN,SHOEI MARU NO38,2025-03-04T22:00:00Z,2025-03-20T07:00:00Z,POLE_AND_LINE,FISHING,431680000,9105164,JILY,2023-05-24T01:35:40Z,2025-07-18T23:59:59Z,106.51
"2024-07-01T00:00:00.000Z,2025-07-01T00:00:00.000Z",TWN,SHENG I TSAI NO168,2024-07-01T00:00:00Z,2024-12-21T08:00:00Z,DRIFTING_LONGLINES,FISHING,416002556,,BJ4831,2015-05-09T11:01:20Z,2025-06-04T10:33:38Z,235.88
"2024-07-01T00:00:00.000Z,2025-07-01T00:00:00.000Z",TWN,CHINLONGFA,2025-01-08T12:00:00Z,2025-02-07T12:00:00Z,DRIFTING_LONGLINES,FISHING,416001833,,BJ4744,2015-03-24T02:57:13Z,2025-07-18T23:23:47Z,684.65
"2024-07-01T00:00:00.000Z,2025-07-01T00:00:00.000Z",CHN,JIN FENG 6,2025-06-09T20:00:00Z,2025-06-09T22:00:00Z,DRIFTING_LONGLINES,FISHING,412549295,9931020,SSD,2021-03-03T01:16:38Z,2025-07-01T01:23:43Z,2.16
"2024-07-01T00:00:00.000Z,2025-07-01T00:00:00.000Z",TWN,,2025-04-16T00:00:00Z,2025-04-22T19:00:00Z,DRIFTING_LONGLINES,FISHING,416003677,,BJ5008,2016-06-23T08:51:05Z,2025-07-01T23:51:36Z,165.62
"2024-07-01T00:00:00.000Z,2025-07-01T00:00:00.000Z",TWN,SHUI HO CHENG NO6,2025-01-24T05:00:00Z,2025-06-20T12:00:00Z,DRIFTING_LONGLINES,FISHING,416003869,,BJ4527,2020-01-23T00:39:07Z,2025-07-18T07:30:51Z,479.92
"2024-07-01T00:00:00.000Z,2025-07-01T00:00:00.000Z",CHN,JING YUAN628,2024-07-08T01:00:00Z,2024-07-08T04:00:00Z,FISHING,FISHING,412331091,9784570,BZZT6,2022-12-12T03:16:38Z,2025-07-18T23:47:14Z,2.59
"2024-07-01T00:00:00.000Z,2025-07-01T00:00:00.000Z",TWN,CHI HONG NO899,2025-01-28T07:00:00Z,2025-01-30T12:00:00Z,DRIFTING_LONGLINES,FISHING,416004591,,BH3418,2013-06-26T01:43:51Z,2025-07-18T23:47:42Z,25.56
"2024-07-01T00:00:00.000Z,2025-07-01T00:00:00.000Z",TWN,SHUN YI SIN,2024-12-21T12:00:00Z,2025-03-15T15:00:00Z,DRIFTING_LONGLINES,FISHING,416003315,,BJ4995,2017-01-10T08:05:49Z,2025-07-17T21:23:56Z,1846.64
"2024-07-01T00:00:00.000Z,2025-07-01T00:00:00.000Z",CHN,JIN FENG 58,2024-10-02T13:00:00Z,2024-10-02T20:00:00Z,FISHING,FISHING,412329644,8775780,BBIV7,2020-11-21T17:21:25Z,2025-07-18T23:49:27Z,4.31
"2024-07-01T00:00:00.000Z,2025-07-01T00:00:00.000Z",TWN,CHING TSAI FA NO11,2024-10-03T23:00:00Z,2024-11-24T17:00:00Z,DRIFTING_LONGLINES,FISHING,416000344,,BJ4626,2015-04-01T22:08:34Z,2025-07-16T00:49:42Z,976.62
"2024-07-01T00:00:00.000Z,2025-07-01T00:00:00.000Z",TWN,LIAN YEOU YI,2025-04-11T00:00:00Z,2025-04-21T07:00:00Z,DRIFTING_LONGLINES,FISHING,416002099,,BJ4518,2021-02-23T01:51:54Z,2025-06-30T02:07:28Z,176.90
"2024-07-01T00:00:00.000Z,2025-07-01T00:00:00.000Z",JPN,KIYO  MARU NO28,2025-01-23T10:00:00Z,2025-02-28T19:00:00Z,POLE_AND_LINE,FISHING,431795000,9128697,JDPA,2022-04-22T09:30:55Z,2025-07-18T23:59:52Z,94.37
"2024-07-01T00:00:00.000Z,2025-07-01T00:00:00.000Z",TWN,SHIN JAAN SHIN NO.7,2024-07-03T02:00:00Z,2024-07-08T01:00:00Z,DRIFTING_LONGLINES,FISHING,416003105,,BG3848,2022-08-24T05:54:34Z,2025-07-18T23:47:51Z,72.23
"2024-07-01T00:00:00.000Z,2025-07-01T00:00:00.000Z",JPN,KATSUMARU  NO.58,2024-08-27T18:00:00Z,2024-09-01T18:00:00Z,DRIFTING_LONGLINES,FISHING,431001235,,,2015-07-31T18:35:51Z,2025-06-20T01:39:11Z,107.23
"2024-07-01T00:00:00.000Z,2025-07-01T00:00:00.000Z",JPN,HASHIMURATERUMARU,2025-04-13T00:00:00Z,2025-04-13T00:00:00Z,DRIFTING_LONGLINES,FISHING,431500637,,,2015-07-03T23:21:51Z,2025-07-16T22:02:12Z,0.36
"2024-07-01T00:00:00.000Z,2025-07-01T00:00:00.000Z",JPN,HOSHINMARU NO.78,2025-06-30T23:00:00Z,2025-06-30T23:00:00Z,DRIFTING_LONGLINES,FISHING,432962000,9690303,7JQB,2025-05-09T23:15:35Z,2025-07-12T01:59:46Z,0.08
"2024-07-01T00:00:00.000Z,2025-07-01T00:00:00.000Z",TWN,JIN JAAN SHYANG NO8,2025-03-25T19:00:00Z,2025-04-21T05:00:00Z,DRIFTING_LONGLINES,FISHING,416002147,,BJ4756,2014-09-23T12:49:44Z,2025-07-18T23:56:50Z,556.49
"2024-07-01T00:00:00.000Z,2025-07-01T00:00:00.000Z",CHN,ZHOUYUANYU2607,2024-07-19T12:00:00Z,2024-09-16T20:00:00Z,DRIFTING_LONGLINES,FISHING,412421288,,BZUR5,2018-05-18T06:06:17Z,2025-07-18T23:59:42Z,7.72
"2024-07-01T00:00:00.000Z,2025-07-01T00:00:00.000Z",USA,FIR,2025-03-14T17:00:00Z,2025-03-16T01:00:00Z,FISHING,FISHING,369289000,,WDJ6681,2018-07-18T07:25:21Z,2025-07-18T23:56:19Z,15.17
"2024-07-01T00:00:00.000Z,2025-07-01T00:00:00.000Z",CHN,XIN SHI JI 83,2025-01-02T08:00:00Z,2025-01-02T09:00:00Z,DRIFTING_LONGLINES,FISHING,412695680,,BZVY6,2020-11-09T01:13:55Z,2025-07-18T23:57:08Z,1.75
"2024-07-01T00:00:00.000Z,2025-07-01T00:00:00.000Z",TWN,YI MAN NO.8,2025-04-29T23:00:00Z,2025-06-01T18:00:00Z,DRIFTING_LONGLINES,FISHING,416004158,,BJ5041,2017-03-06T06:38:28Z,2025-07-18T23:56:01Z,565.32
"2024-07-01T00:00:00.000Z,2025-07-01T00:00:00.000Z",JPN,KAIENMARU NO.77,2025-04-08T18:00:00Z,2025-04-21T17:00:00Z,DRIFTING_LONGLINES,FISHING,431004047,,,2016-08-07T23:56:45Z,2025-07-18T21:25:31Z,274.82
"2024-07-01T00:00:00.000Z,2025-07-01T00:00:00.000Z",TWN,YI MAN NO.3,2024-07-01T06:00:00Z,2024-07-01T20:00:00Z,SET_LONGLINES,FISHING,416004299,,BJ5061,2015-08-06T12:24:08Z,2025-07-18T08:16:53Z,14.94
"2024-07-01T00:00:00.000Z,2025-07-01T00:00:00.000Z",TWN,CHU HUAI NO 668,2024-09-17T17:00:00Z,2024-12-03T12:00:00Z,DRIFTING_LONGLINES,FISHING,416002274,,BJ4791,2018-02-15T02:12:18Z,2025-07-10T07:52:48Z,1023.89
"2024-07-01T00:00:00.000Z,2025-07-01T00:00:00.000Z",TWN,JIN SING SHYANG NO11,2025-03-08T16:00:00Z,2025-04-17T13:00:00Z,DRIFTING_LONGLINES,FISHING,416003484,,BJ4998,2019-06-28T15:01:21Z,2025-06-15T12:07:44Z,765.72
"2024-07-01T00:00:00.000Z,2025-07-01T00:00:00.000Z",JPN,KAIYUMARU,2025-05-07T07:00:00Z,2025-05-07T13:00:00Z,FISHING,FISHING,432753000,9580948,7JGB,2012-01-14T04:12:16Z,2025-07-18T22:17:59Z,1.07
"2024-07-01T00:00:00.000Z,2025-07-01T00:00:00.000Z",CHN,XIN SHI JI 75,2024-07-15T00:00:00Z,2024-07-15T00:00:00Z,DRIFTING_LONGLINES,FISHING,412695590,,BZVZ5,2020-03-18T05:26:03Z,2025-07-18T23:57:19Z,0.39
"2024-07-01T00:00:00.000Z,2025-07-01T00:00:00.000Z",TWN,CHAO YI NO368,2024-07-01T00:00:00Z,2025-06-30T23:00:00Z,DRIFTING_LONGLINES,FISHING,416079500,,BG3814,2021-12-24T10:52:32Z,2025-07-18T23:55:47Z,1099.45
"2024-07-01T00:00:00.000Z,2025-07-01T00:00:00.000Z",JPN,KAIENMARU NO.1,2025-04-09T13:00:00Z,2025-04-15T13:00:00Z,DRIFTING_LONGLINES,FISHING,431501724,,,2021-05-31T23:18:55Z,2025-05-24T02:15:23Z,145.32
"2024-07-01T00:00:00.000Z,2025-07-01T00:00:00.000Z",TWN,JENN FENG YI NO1,2025-01-22T22:00:00Z,2025-06-30T14:00:00Z,DRIFTING_LONGLINES,FISHING,416000137,,BG3819,2021-12-16T00:27:55Z,2025-07-18T23:57:03Z,378.12
"2024-07-01T00:00:00.000Z,2025-07-01T00:00:00.000Z",JPN,NO.71KAIENMARU,2024-08-30T14:00:00Z,2024-09-07T16:00:00Z,DRIFTING_LONGLINES,FISHING,431500360,,,2015-09-01T00:31:32Z,2025-07-18T23:56:50Z,160.07
"2024-07-01T00:00:00.000Z,2025-07-01T00:00:00.000Z",TWN,JIN MAN XIANG NO.36,2024-12-22T11:00:00Z,2025-04-11T13:00:00Z,DRIFTING_LONGLINES,FISHING,416002938,,,2017-07-15T11:01:02Z,2025-07-07T01:26:34Z,2594.92
"2024-07-01T00:00:00.000Z,2025-07-01T00:00:00.000Z",JPN,FUJITAFUJIMARU,2024-08-27T19:00:00Z,2024-09-01T19:00:00Z,DRIFTING_LONGLINES,FISHING,431500370,,,2016-04-22T22:10:51Z,2025-07-10T12:07:24Z,91.95
"2024-07-01T00:00:00.000Z,2025-07-01T00:00:00.000Z",TWN,MAN YIH FENG NO166,2024-07-19T18:00:00Z,2024-07-19T18:00:00Z,SET_LONGLINES,FISHING,416196600,,BG3830,2022-03-24T22:43:31Z,2025-04-27T01:48:43Z,0.29
"2024-07-01T00:00:00.000Z,2025-07-01T00:00:00.000Z",JPN,DAIKIMARU NO.8,2024-09-27T17:00:00Z,2025-06-19T14:00:00Z,DRIFTING_LONGLINES,FISHING,431500330,,,2022-03-02T23:01:55Z,2025-07-18T23:26:52Z,430.66
"2024-07-01T00:00:00.000Z,2025-07-01T00:00:00.000Z",JPN,TOKUEIMARU NO.17,2025-01-18T20:00:00Z,2025-05-09T19:00:00Z,POLE_AND_LINE,FISHING,431410000,9810745,7JXY,2020-03-05T06:36:46Z,2025-07-18T23:59:47Z,128.60
"2024-07-01T00:00:00.000Z,2025-07-01T00:00:00.000Z",CHN,HUA NAN YU 711,2025-05-04T18:00:00Z,2025-05-04T20:00:00Z,SET_LONGLINES,FISHING,412460052,,BZXD22,2018-05-20T05:56:13Z,2025-07-18T23:59:57Z,2.24
"2024-07-01T00:00:00.000Z,2025-07-01T00:00:00.000Z",TWN,CHIEN TE FA NO8,2024-12-13T00:00:00Z,2025-05-25T18:00:00Z,DRIFTING_LONGLINES,FISHING,416002404,,BJ4797,2015-12-24T14:41:17Z,2025-07-10T04:08:02Z,1339.80
"2024-07-01T00:00:00.000Z,2025-07-01T00:00:00.000Z",TWN,JIN HSIANG FA,2024-07-01T00:00:00Z,2024-09-17T13:00:00Z,DRIFTING_LONGLINES,FISHING,416077500,,BJ2001,2015-06-26T03:23:43Z,2025-07-18T23:31:12Z,1564.18
"2024-07-01T00:00:00.000Z,2025-07-01T00:00:00.000Z",TWN,JIN CHIN FU NO36,2024-10-17T01:00:00Z,2024-12-27T17:00:00Z,DRIFTING_LONGLINES,FISHING,416004675,,BG4024,2024-06-14T05:58:52Z,2025-07-18T23:58:08Z,490.83
"2024-07-01T00:00:00.000Z,2025-07-01T00:00:00.000Z",TWN,SHENG FENG NO266,2024-07-01T00:00:00Z,2025-06-30T23:00:00Z,DRIFTING_LONGLINES,FISHING,416004339,,BG3881,2023-02-11T00:40:14Z,2025-07-18T23:56:30Z,1262.87
"2024-07-01T00:00:00.000Z,2025-07-01T00:00:00.000Z",TWN,CHIN TE CHENG 166,2024-07-05T16:00:00Z,2024-07-31T19:00:00Z,DRIFTING_LONGLINES,FISHING,416226700,,BJ4934,2012-08-01T07:15:49Z,2025-06-21T01:16:03Z,121.99
"2024-07-01T00:00:00.000Z,2025-07-01T00:00:00.000Z",JPN,KAIGATAMARU NO.88,2024-07-31T15:00:00Z,2024-07-31T17:00:00Z,DRIFTING_LONGLINES,FISHING,431663000,9109275,JQRB,2024-03-11T04:34:46Z,2025-07-18T23:56:31Z,1.81
"2024-07-01T00:00:00.000Z,2025-07-01T00:00:00.000Z",TWN,HE SHUN NO3,2024-07-06T00:00:00Z,2024-07-29T10:00:00Z,DRIFTING_LONGLINES,FISHING,416002941,,BJ3966,2022-01-10T08:25:44Z,2025-02-22T06:38:55Z,465.49
"2024-07-01T00:00:00.000Z,2025-07-01T00:00:00.000Z",TWN,SHENG I TSAI NO. 868,2024-08-04T05:00:00Z,2024-11-18T14:00:00Z,SET_LONGLINES,FISHING,416004411,,BJ5075,2012-10-01T01:33:14Z,2025-07-07T02:45:44Z,58.63
"2024-07-01T00:00:00.000Z,2025-07-01T00:00:00.000Z",JPN,SHOFUKU MARU NO.8,2024-12-28T03:00:00Z,2025-01-10T23:00:00Z,DRIFTING_LONGLINES,FISHING,432282000,,JCNJ,2012-01-01T01:04:05Z,2025-06-17T08:15:35Z,212.29
"2024-07-01T00:00:00.000Z,2025-07-01T00:00:00.000Z",KIR,TEMANIM 03,2024-09-25T11:00:00Z,2024-09-25T16:00:00Z,DRIFTING_LONGLINES,FISHING,529035000,9963190,T3FX,2024-08-03T05:31:53Z,2025-07-18T23:49:20Z,5.66
"2024-07-01T00:00:00.000Z,2025-07-01T00:00:00.000Z",TWN,JIN JAAN SHYANGNO168,2025-03-24T20:00:00Z,2025-04-21T11:00:00Z,DRIFTING_LONGLINES,FISHING,416002231,,BJ4773,2016-11-14T01:57:04Z,2025-07-18T23:22:02Z,573.96
"2024-07-01T00:00:00.000Z,2025-07-01T00:00:00.000Z",JPN,MEIHO MARU NO.22,2024-12-07T20:00:00Z,2025-05-10T00:00:00Z,POLE_AND_LINE,FISHING,431801000,9119751,JDUT,2024-02-16T05:16:40Z,2025-07-18T23:59:47Z,122.81
"2024-07-01T00:00:00.000Z,2025-07-01T00:00:00.000Z",JPN,KIFUKU MARU NO36,2025-01-17T02:00:00Z,2025-01-17T03:00:00Z,DRIFTING_LONGLINES,FISHING,431600275,9115676,JM6278,2016-07-13T02:08:38Z,2025-07-18T23:59:56Z,1.62
"2024-07-01T00:00:00.000Z,2025-07-01T00:00:00.000Z",TWN,HONG XIN NO112,2024-09-15T13:00:00Z,2024-12-03T13:00:00Z,DRIFTING_LONGLINES,FISHING,416001008,,BG3818,2022-01-25T04:20:45Z,2025-07-18T23:59:38Z,1593.32
"2024-07-01T00:00:00.000Z,2025-07-01T00:00:00.000Z",JPN,KIYO MARU NO.18,2024-11-24T18:00:00Z,2025-05-11T00:00:00Z,POLE_AND_LINE,FISHING,431914000,,JBSW,2015-01-31T00:54:55Z,2025-07-18T23:58:57Z,34.15
"2024-07-01T00:00:00.000Z,2025-07-01T00:00:00.000Z",JPN,KORYUMARU,2024-07-01T00:00:00Z,2025-04-20T15:00:00Z,DRIFTING_LONGLINES,FISHING,431000168,,,2022-01-08T01:22:43Z,2025-07-18T23:39:26Z,377.49
"2024-07-01T00:00:00.000Z,2025-07-01T00:00:00.000Z",TWN,JIN CHANG NO21,2024-10-22T16:00:00Z,2024-12-16T19:00:00Z,DRIFTING_LONGLINES,FISHING,416004687,,BJ5124,2018-01-02T00:17:33Z,2025-01-09T08:58:07Z,849.86
"2024-07-01T00:00:00.000Z,2025-07-01T00:00:00.000Z",TWN,YEOU JYI FA,2025-04-10T19:00:00Z,2025-04-20T21:00:00Z,DRIFTING_LONGLINES,FISHING,416000236,,BJ4572,2014-10-23T13:46:28Z,2025-07-18T23:55:21Z,184.62
"2024-07-01T00:00:00.000Z,2025-07-01T00:00:00.000Z",TWN,MING MAAN SHYANG 86,2024-07-15T18:00:00Z,2024-09-15T19:00:00Z,DRIFTING_LONGLINES,FISHING,416219700,,BG3391,2024-05-09T06:18:37Z,2025-07-18T23:58:58Z,1314.70
"2024-07-01T00:00:00.000Z,2025-07-01T00:00:00.000Z",TWN,CHIH CHI FENG NO1,2025-03-04T19:00:00Z,2025-04-25T05:00:00Z,DRIFTING_LONGLINES,FISHING,416002744,,BJ4871,2012-08-01T01:50:42Z,2025-07-18T23:57:50Z,785.79
"2024-07-01T00:00:00.000Z,2025-07-01T00:00:00.000Z",JPN,NIKKO MARU NO51,2025-01-06T10:00:00Z,2025-03-23T22:00:00Z,POLE_AND_LINE,FISHING,431935000,9162576,JFJX,2023-03-22T05:28:27Z,2025-07-18T23:59:57Z,313.32
"2024-07-01T00:00:00.000Z,2025-07-01T00:00:00.000Z",TWN,AN WEN FA,2025-03-06T21:00:00Z,2025-04-17T13:00:00Z,DRIFTING_LONGLINES,FISHING,416002799,,BJ4875,2023-07-29T01:04:49Z,2025-06-23T11:26:17Z,969.79
"2024-07-01T00:00:00.000Z,2025-07-01T00:00:00.000Z",TWN,TIAN HER FA,2025-01-07T17:00:00Z,2025-01-23T10:00:00Z,DRIFTING_LONGLINES,FISHING,416000238,,BJ4663,2015-08-20T22:20:28Z,2025-07-15T06:53:43Z,336.72
"2024-07-01T00:00:00.000Z,2025-07-01T00:00:00.000Z",KOR,317ORYONG,2024-07-16T01:00:00Z,2024-07-16T04:00:00Z,DRIFTING_LONGLINES,FISHING,440045000,9042049,6MBV,2012-01-01T00:01:09Z,2025-07-18T23:59:33Z,3.35
"2024-07-01T00:00:00.000Z,2025-07-01T00:00:00.000Z",TWN,SHENG YI CAI NO166,2024-12-19T17:00:00Z,2025-02-13T23:00:00Z,DRIFTING_LONGLINES,FISHING,416219600,,BG3886,2024-11-01T02:44:31Z,2025-07-18T23:57:35Z,757.44
"2024-07-01T00:00:00.000Z,2025-07-01T00:00:00.000Z",CHN,PINGTAIRONG71,2025-05-12T21:00:00Z,2025-05-25T18:00:00Z,DRIFTING_LONGLINES,FISHING,412420821,,BZ2VV,2018-11-22T07:26:07Z,2025-07-18T23:57:36Z,109.23
"2024-07-01T00:00:00.000Z,2025-07-01T00:00:00.000Z",JPN,TOSAKAIEN MARU,2024-09-24T14:00:00Z,2025-02-04T13:00:00Z,DRIFTING_LONGLINES,FISHING,431000650,9615547,7JJQ,2012-01-14T00:03:00Z,2025-07-14T04:15:34Z,140.97
"2024-07-01T00:00:00.000Z,2025-07-01T00:00:00.000Z",TWN,CHIN MAN FA NO 12,2024-07-01T00:00:00Z,2025-04-16T11:00:00Z,DRIFTING_LONGLINES,FISHING,416002343,,BJ4431,2024-04-01T01:44:42Z,2025-07-18T20:42:29Z,1446.28
"2024-07-01T00:00:00.000Z,2025-07-01T00:00:00.000Z",TWN,MING TSAIR FA NO10,2024-07-01T00:00:00Z,2024-08-01T17:00:00Z,DRIFTING_LONGLINES,FISHING,416076700,,BJ4649,2018-09-12T00:55:24Z,2025-07-18T23:50:22Z,730.88
"2024-07-01T00:00:00.000Z,2025-07-01T00:00:00.000Z",KOR,NO.2 KYUNG YANG,2025-04-02T19:00:00Z,2025-04-02T19:00:00Z,DRIFTING_LONGLINES,FISHING,440773000,8805315,6NJH,2012-01-02T16:06:31Z,2025-07-18T23:58:52Z,0.46
"2024-07-01T00:00:00.000Z,2025-07-01T00:00:00.000Z",CHN,NINGTAI717,2024-08-13T05:00:00Z,2024-08-14T05:00:00Z,FISHING,FISHING,412549269,8778770,BZ4VJ,2024-07-15T00:46:08Z,2025-02-23T06:08:09Z,6.76
"2024-07-01T00:00:00.000Z,2025-07-01T00:00:00.000Z",,FYC-9           (63),2025-02-10T17:00:00Z,2025-02-15T17:00:00Z,FISHING,FISHING,98354777,,,2024-12-31T19:48:55Z,2025-06-26T13:34:07Z,99.30
"2024-07-01T00:00:00.000Z,2025-07-01T00:00:00.000Z",TWN,JIN FU SHIANG NO36,2025-04-22T23:00:00Z,2025-06-30T23:00:00Z,DRIFTING_LONGLINES,FISHING,416003561,,BG3999,2025-03-26T00:39:43Z,2025-07-16T20:35:47Z,793.18
"2024-07-01T00:00:00.000Z,2025-07-01T00:00:00.000Z",TWN,JIN FU YI,2024-12-02T19:00:00Z,2025-06-30T17:00:00Z,DRIFTING_LONGLINES,FISHING,416199500,,BJ4929,2023-11-06T06:59:03Z,2025-07-16T06:27:06Z,652.05
"2024-07-01T00:00:00.000Z,2025-07-01T00:00:00.000Z",CHN,JINXIANG11,2025-05-02T07:00:00Z,2025-05-05T20:00:00Z,DRIFTING_LONGLINES,FISHING,412201817,,BZYB2,2014-10-28T03:28:23Z,2025-07-18T23:59:17Z,2.82
"2024-07-01T00:00:00.000Z,2025-07-01T00:00:00.000Z",TWN,JIN SING SHYANG NO7,2024-12-21T14:00:00Z,2025-04-18T17:00:00Z,DRIFTING_LONGLINES,FISHING,416002904,,BG3900,2023-06-29T08:06:27Z,2025-07-18T23:22:38Z,980.16
"2024-07-01T00:00:00.000Z,2025-07-01T00:00:00.000Z",JPN,KAIENMARU NO.88,2025-04-10T21:00:00Z,2025-04-17T16:00:00Z,DRIFTING_LONGLINES,FISHING,431004559,,,2022-11-17T09:19:56Z,2025-06-05T16:21:27Z,163.73
"2024-07-01T00:00:00.000Z,2025-07-01T00:00:00.000Z",TWN,FENG YU QUN,2024-12-14T07:00:00Z,2025-02-15T19:00:00Z,DRIFTING_LONGLINES,FISHING,416229700,,BJ5023,2023-03-15T08:06:51Z,2025-07-18T23:45:11Z,255.13
"2024-07-01T00:00:00.000Z,2025-07-01T00:00:00.000Z",TWN,JIN HO NO33,2025-01-10T21:00:00Z,2025-02-02T15:00:00Z,DRIFTING_LONGLINES,FISHING,416070700,,BJ4621,2022-11-15T01:19:24Z,2025-07-17T00:18:11Z,517.26
"2024-07-01T00:00:00.000Z,2025-07-01T00:00:00.000Z",TWN,JINN JYI CHYUNG 268,2025-01-11T06:00:00Z,2025-01-31T08:00:00Z,DRIFTING_LONGLINES,FISHING,416000519,,,2020-09-27T10:23:47Z,2025-06-26T23:49:25Z,362.40
"2024-07-01T00:00:00.000Z,2025-07-01T00:00:00.000Z",TWN,YU FENG NO.33,2025-05-23T18:00:00Z,2025-06-30T20:00:00Z,DRIFTING_LONGLINES,FISHING,416002198,,BJ4769,2022-05-23T01:58:46Z,2025-07-18T23:57:36Z,762.91
"2024-07-01T00:00:00.000Z,2025-07-01T00:00:00.000Z",TWN,CHYUAN LIANG FA 228,2025-02-15T20:00:00Z,2025-04-13T23:00:00Z,DRIFTING_LONGLINES,FISHING,416003306,,BJ4992,2016-11-28T03:37:14Z,2025-07-18T23:59:12Z,1035.83
"2024-07-01T00:00:00.000Z,2025-07-01T00:00:00.000Z",TWN,LIEN YU CHUN 23,2024-07-01T00:00:00Z,2024-09-20T17:00:00Z,DRIFTING_LONGLINES,FISHING,416002946,,,2015-12-10T01:08:30Z,2025-07-18T23:59:18Z,1182.32
"2024-07-01T00:00:00.000Z,2025-07-01T00:00:00.000Z",TWN,WEN DAR NO.3,2024-07-01T00:00:00Z,2025-01-22T18:00:00Z,DRIFTING_LONGLINES,FISHING,416004797,,BJ4295,2014-09-25T04:42:10Z,2025-03-22T09:01:53Z,2394.95
"2024-07-01T00:00:00.000Z,2025-07-01T00:00:00.000Z",TWN,FWU TSAIR YIH NO.1,2024-12-07T04:00:00Z,2025-04-11T15:00:00Z,DRIFTING_LONGLINES,FISHING,416002747,,BJ4855,2016-01-28T03:59:21Z,2025-07-18T23:56:28Z,2085.51
"2024-07-01T00:00:00.000Z,2025-07-01T00:00:00.000Z",TWN,SHENG YU NO38,2025-02-28T18:00:00Z,2025-04-07T13:00:00Z,DRIFTING_LONGLINES,FISHING,416001558,,BJ4589,2020-01-30T03:51:01Z,2025-07-16T21:51:59Z,632.71
"2024-07-01T00:00:00.000Z,2025-07-01T00:00:00.000Z",CHN,LU RU YUAN YU 118,2025-02-23T21:00:00Z,2025-02-23T21:00:00Z,DRIFTING_LONGLINES,FISHING,412549262,,BZ7UQ,2020-05-28T02:55:11Z,2025-07-18T23:59:52Z,0.10
"2024-07-01T00:00:00.000Z,2025-07-01T00:00:00.000Z",TWN,JINN JI SHYANG NO22,2025-03-20T11:00:00Z,2025-04-08T23:00:00Z,DRIFTING_LONGLINES,FISHING,416002105,,BJ4516,2021-07-16T13:01:34Z,2025-06-29T01:11:07Z,183.71
"2024-07-01T00:00:00.000Z,2025-07-01T00:00:00.000Z",TWN,CHIEN YUAN MING,2024-12-10T22:00:00Z,2025-05-09T21:00:00Z,DRIFTING_LONGLINES,FISHING,416004594,,BG3778,2020-06-26T01:49:03Z,2025-07-18T23:59:19Z,33.74
"2024-07-01T00:00:00.000Z,2025-07-01T00:00:00.000Z",TWN,MAN CHUN,2025-03-05T20:00:00Z,2025-04-09T07:00:00Z,DRIFTING_LONGLINES,FISHING,416000265,,BJ4497,2015-02-26T04:02:59Z,2025-07-18T23:59:04Z,492.80
"2024-07-01T00:00:00.000Z,2025-07-01T00:00:00.000Z",TWN,HAI CHIEN HSING NO2,2024-07-16T19:00:00Z,2025-05-08T20:00:00Z,DRIFTING_LONGLINES,FISHING,416002922,,BG4021,2024-05-02T03:09:31Z,2025-07-18T23:58:33Z,2799.58
"2024-07-01T00:00:00.000Z,2025-07-01T00:00:00.000Z",CHN,JIN XIANG 12,2025-05-02T03:00:00Z,2025-05-06T01:00:00Z,DRIFTING_LONGLINES,FISHING,412201818,,BZYB3,2014-12-17T03:40:23Z,2025-07-18T10:36:21Z,14.81
"2024-07-01T00:00:00.000Z,2025-07-01T00:00:00.000Z",JPN,MEIHO MARU NO37,2024-11-27T21:00:00Z,2025-05-10T03:00:00Z,POLE_AND_LINE,FISHING,431579000,,7KAV,2018-02-13T00:49:14Z,2025-07-18T23:59:28Z,193.92
"2024-07-01T00:00:00.000Z,2025-07-01T00:00:00.000Z",TWN,CHYUAN LIANG FA,2025-03-17T21:00:00Z,2025-03-30T12:00:00Z,DRIFTING_LONGLINES,FISHING,416002173,,BJ4090,2015-06-19T14:16:28Z,2025-07-18T23:59:56Z,244.14
"2024-07-01T00:00:00.000Z,2025-07-01T00:00:00.000Z",TWN,JIN HAE FUN NO368,2024-12-26T12:00:00Z,2024-12-31T12:00:00Z,DRIFTING_LONGLINES,FISHING,416002298,,BJ4794,2021-02-14T06:33:18Z,2025-07-18T14:02:38Z,120.25
"2024-07-01T00:00:00.000Z,2025-07-01T00:00:00.000Z",TWN,YI RONG BO.168,2025-06-03T16:00:00Z,2025-06-03T19:00:00Z,DRIFTING_LONGLINES,FISHING,416005686,,BH3513,2024-03-17T05:04:40Z,2025-07-18T23:58:02Z,3.41
"2024-07-01T00:00:00.000Z,2025-07-01T00:00:00.000Z",TWN,JIN MAAN SHYANG NO12,2025-01-12T19:00:00Z,2025-02-02T13:00:00Z,DRIFTING_LONGLINES,FISHING,416000358,,BJ4673,2016-07-02T18:21:19Z,2025-04-07T16:58:00Z,391.95
"2024-07-01T00:00:00.000Z,2025-07-01T00:00:00.000Z",JPN,YUUJINMARU NO20,2024-08-25T18:00:00Z,2024-08-31T17:00:00Z,DRIFTING_LONGLINES,FISHING,431500220,,,2017-06-02T23:58:48Z,2025-06-03T06:21:52Z,141.53
"2024-07-01T00:00:00.000Z,2025-07-01T00:00:00.000Z",TWN,SHENG YI CAI NO33,2024-07-01T00:00:00Z,2025-06-28T12:00:00Z,DRIFTING_LONGLINES,FISHING,416002682,,BG3868,2023-10-19T19:48:13Z,2025-07-09T22:44:13Z,2408.20
"2024-07-01T00:00:00.000Z,2025-07-01T00:00:00.000Z",JPN,YUKI MARU NO.11,2024-07-31T16:00:00Z,2024-08-08T14:00:00Z,DRIFTING_LONGLINES,FISHING,431200343,,,2018-07-21T02:46:30Z,2025-07-18T02:15:00Z,182.70
"2024-07-01T00:00:00.000Z,2025-07-01T00:00:00.000Z",TWN,SHUI HO CHENG NO8,2024-08-17T02:00:00Z,2025-04-15T03:00:00Z,DRIFTING_LONGLINES,FISHING,416221700,,,2023-12-27T00:24:04Z,2025-07-18T23:58:27Z,1772.60
"2024-07-01T00:00:00.000Z,2025-07-01T00:00:00.000Z",TWN,JIN LONG YU NO.128,2025-01-31T00:00:00Z,2025-04-17T14:00:00Z,DRIFTING_LONGLINES,FISHING,416001965,,BJ4687,2021-02-05T08:43:37Z,2025-07-18T23:59:05Z,1225.86
"2024-07-01T00:00:00.000Z,2025-07-01T00:00:00.000Z",TWN,DE CHAN ON.44,2024-07-01T00:00:00Z,2024-07-03T10:00:00Z,DRIFTING_LONGLINES,FISHING,416004887,,BJ5128,2023-05-08T04:02:14Z,2024-09-19T07:57:16Z,55.50
"2024-07-01T00:00:00.000Z,2025-07-01T00:00:00.000Z",TWN,MAN CHI FENG,2024-07-24T17:00:00Z,2025-06-24T11:00:00Z,DRIFTING_LONGLINES,FISHING,416002768,,BJ4876,2014-05-15T13:21:17Z,2025-07-18T23:24:08Z,1807.20
"2024-07-01T00:00:00.000Z,2025-07-01T00:00:00.000Z",CHN,HUA NAN YU 719,2025-05-04T20:00:00Z,2025-05-04T21:00:00Z,SET_LONGLINES,FISHING,412460006,,BZXD27,2018-05-19T08:20:34Z,2025-07-18T23:57:33Z,0.47
"2024-07-01T00:00:00.000Z,2025-07-01T00:00:00.000Z",JPN,"HOUEIMARU NO,1",2024-07-11T22:00:00Z,2024-10-13T18:00:00Z,DRIFTING_LONGLINES,FISHING,431015336,,,2020-10-06T00:31:15Z,2025-07-18T23:07:35Z,813.52
"2024-07-01T00:00:00.000Z,2025-07-01T00:00:00.000Z",TWN,SHENG I TSIA NO268,2024-07-01T00:00:00Z,2025-06-16T18:00:00Z,DRIFTING_LONGLINES,FISHING,416002859,,BJ4885,2020-03-13T09:00:47Z,2025-06-27T06:07:18Z,2406.49
"2024-07-01T00:00:00.000Z,2025-07-01T00:00:00.000Z",TWN,SHENG YU NO66,2025-02-26T19:00:00Z,2025-04-09T10:00:00Z,DRIFTING_LONGLINES,FISHING,416003735,,BJ4601,2023-12-12T02:20:26Z,2025-07-18T23:49:07Z,481.27
"2024-07-01T00:00:00.000Z,2025-07-01T00:00:00.000Z",TWN,MAAN YU FENG NO.02,2025-04-26T21:00:00Z,2025-06-30T23:00:00Z,DRIFTING_LONGLINES,FISHING,416002151,,BG4068,2025-02-03T03:27:47Z,2025-07-18T23:56:07Z,1352.53
"2024-07-01T00:00:00.000Z,2025-07-01T00:00:00.000Z",TWN,SHENG YI CAI NO113,2024-10-05T04:00:00Z,2025-06-30T23:00:00Z,DRIFTING_LONGLINES,FISHING,416000247,,BG3962,2024-07-10T00:28:04Z,2025-07-18T23:59:15Z,1755.21
"2024-07-01T00:00:00.000Z,2025-07-01T00:00:00.000Z",TWN,HER HAE 38A,2024-11-23T21:00:00Z,2025-06-30T23:00:00Z,DRIFTING_LONGLINES,FISHING,416003472,,,2024-10-11T01:58:27Z,2025-07-18T23:55:12Z,1048.86
"2024-07-01T00:00:00.000Z,2025-07-01T00:00:00.000Z",TWN,AMALI,2025-01-04T06:00:00Z,2025-03-31T22:00:00Z,DRIFTING_LONGLINES,FISHING,416002099,,BJ4518,2023-08-13T07:28:42Z,2025-07-13T07:58:10Z,231.59
"2024-07-01T00:00:00.000Z,2025-07-01T00:00:00.000Z",TWN,ESSIEN,2025-04-14T02:00:00Z,2025-04-15T00:00:00Z,DRIFTING_LONGLINES,FISHING,416052600,,BI2517,2015-08-21T19:23:14Z,2025-07-18T23:59:41Z,6.48
"2024-07-01T00:00:00.000Z,2025-07-01T00:00:00.000Z",TWN,CHAO YI NO188,2024-07-01T00:00:00Z,2024-08-02T13:00:00Z,DRIFTING_LONGLINES,FISHING,416082900,,BJ4683,2014-02-15T01:30:08Z,2025-07-18T23:51:49Z,662.46
"2024-07-01T00:00:00.000Z,2025-07-01T00:00:00.000Z",TWN,CHAO YI NO.76,2024-11-21T11:00:00Z,2025-03-07T13:00:00Z,DRIFTING_LONGLINES,FISHING,416000221,,BG3861,2022-10-26T00:57:29Z,2025-07-18T23:59:21Z,196.30
"2024-07-01T00:00:00.000Z,2025-07-01T00:00:00.000Z",TWN,YU LONG NO.2,2024-12-12T06:00:00Z,2025-04-27T10:00:00Z,DRIFTING_LONGLINES,FISHING,416002731,,BG3922,2023-11-02T02:38:09Z,2025-07-18T10:41:44Z,527.61
"2024-07-01T00:00:00.000Z,2025-07-01T00:00:00.000Z",KOR,NO631DONGWON,2025-02-05T02:00:00Z,2025-02-05T04:00:00Z,DRIFTING_LONGLINES,FISHING,440895000,8911310,DTAM4,2012-01-01T00:00:18Z,2025-07-18T23:59:38Z,2.67
"2024-07-01T00:00:00.000Z,2025-07-01T00:00:00.000Z",TWN,CHAO FA NO.368,2024-07-01T00:00:00Z,2025-01-30T17:00:00Z,DRIFTING_LONGLINES,FISHING,416004442,,BG3843,2022-09-01T01:13:49Z,2025-07-18T23:59:25Z,803.62
"2024-07-01T00:00:00.000Z,2025-07-01T00:00:00.000Z",TWN,HER HAE,2024-07-01T00:00:00Z,2024-09-11T22:00:00Z,DRIFTING_LONGLINES,FISHING,416214700,,BJ4921,2017-06-07T10:04:32Z,2025-07-18T23:59:21Z,1579.75
"2024-07-01T00:00:00.000Z,2025-07-01T00:00:00.000Z",TWN,SHEN LONG YU NO61,2024-10-29T13:00:00Z,2024-11-05T17:00:00Z,DRIFTING_LONGLINES,FISHING,416000775,,BJ3804,2024-01-13T10:36:16Z,2025-02-21T01:42:08Z,160.93
"2024-07-01T00:00:00.000Z,2025-07-01T00:00:00.000Z",JPN,FUKUTOKUMARU NO.37,2024-10-28T10:00:00Z,2024-10-29T10:00:00Z,DRIFTING_LONGLINES,FISHING,431700060,,JQPE,2014-09-05T03:22:46Z,2025-07-18T23:44:44Z,24.75
"2024-07-01T00:00:00.000Z,2025-07-01T00:00:00.000Z",JPN,SHOEI MARU NO.8,2025-01-22T20:00:00Z,2025-03-20T19:00:00Z,POLE_AND_LINE,FISHING,431001270,,7JZW,2017-07-09T23:25:37Z,2025-07-18T20:22:58Z,110.15
"2024-07-01T00:00:00.000Z,2025-07-01T00:00:00.000Z",TWN,MING MAAN SHYANG 86,2025-01-10T21:00:00Z,2025-02-07T14:00:00Z,DRIFTING_LONGLINES,FISHING,416219700,,BJ4965,2015-05-17T12:12:35Z,2025-02-27T00:55:08Z,522.21
"2024-07-01T00:00:00.000Z,2025-07-01T00:00:00.000Z",CHN,HUYU927,2025-02-28T21:00:00Z,2025-05-06T04:00:00Z,DRIFTING_LONGLINES,FISHING,412371206,9784738,BZV7T,2023-08-16T18:50:55Z,2025-07-18T23:59:15Z,10.93
"2024-07-01T00:00:00.000Z,2025-07-01T00:00:00.000Z",TWN,SHENG FENG NO215,2024-07-01T00:00:00Z,2025-06-30T17:00:00Z,DRIFTING_LONGLINES,FISHING,416003189,,BG3888,2023-03-18T06:30:27Z,2025-07-18T23:36:17Z,798.96
"2024-07-01T00:00:00.000Z,2025-07-01T00:00:00.000Z",KOR,353 ORYONG,2024-07-12T17:00:00Z,2024-07-12T17:00:00Z,DRIFTING_LONGLINES,FISHING,440989000,8703440,DTAN3,2018-01-31T18:58:49Z,2025-07-18T23:59:28Z,0.20
"2024-07-01T00:00:00.000Z,2025-07-01T00:00:00.000Z",TWN,JIN CHIN FU NO26,2025-01-26T17:00:00Z,2025-06-20T13:00:00Z,DRIFTING_LONGLINES,FISHING,416004687,,BG4014,2024-06-17T03:36:19Z,2025-07-18T23:46:30Z,2244.57
"2024-07-01T00:00:00.000Z,2025-07-01T00:00:00.000Z",TWN,HER HAE NO 26,2024-07-01T00:00:00Z,2024-11-23T21:00:00Z,DRIFTING_LONGLINES,FISHING,416003413,,BJ4994,2016-08-27T10:25:49Z,2025-07-18T23:59:29Z,672.63
"2024-07-01T00:00:00.000Z,2025-07-01T00:00:00.000Z",JPN,NO18 KOUYUUMARU,2025-06-06T21:00:00Z,2025-06-16T15:00:00Z,DRIFTING_LONGLINES,FISHING,431016137,,,2021-03-31T02:22:29Z,2025-07-06T04:03:46Z,173.49
"2024-07-01T00:00:00.000Z,2025-07-01T00:00:00.000Z",TWN,MAN YU CAI NO.6,2024-07-01T03:00:00Z,2024-08-04T18:00:00Z,DRIFTING_LONGLINES,FISHING,416006326,,BJ-5168,2020-12-26T02:24:57Z,2024-12-04T07:05:40Z,614.96
"2024-07-01T00:00:00.000Z,2025-07-01T00:00:00.000Z",TWN,CHUAN HSIN NO.128,2025-01-01T22:00:00Z,2025-06-30T23:00:00Z,DRIFTING_LONGLINES,FISHING,416213800,,BJ4969,2013-02-19T08:02:11Z,2025-07-18T23:57:45Z,1947.25
"2024-07-01T00:00:00.000Z,2025-07-01T00:00:00.000Z",JPN,YAMASAKITATSUEIMARU,2025-04-11T05:00:00Z,2025-04-21T23:00:00Z,DRIFTING_LONGLINES,FISHING,431011762,,,2018-09-25T23:50:19Z,2025-06-24T04:09:29Z,247.55
"2024-07-01T00:00:00.000Z,2025-07-01T00:00:00.000Z",JPN,KINEI MARU NO.135,2024-10-10T16:00:00Z,2024-10-11T15:00:00Z,DRIFTING_LONGLINES,FISHING,432444000,9311921,JGCF,2012-01-01T00:35:12Z,2025-07-18T23:59:48Z,8.48
"2024-07-01T00:00:00.000Z,2025-07-01T00:00:00.000Z",TWN,SHENG FENG NO176,2025-02-09T16:00:00Z,2025-06-30T23:00:00Z,DRIFTING_LONGLINES,FISHING,416003162,,BG3842,2023-05-14T03:34:02Z,2025-07-18T14:40:36Z,2090.10
"2024-07-01T00:00:00.000Z,2025-07-01T00:00:00.000Z",TWN,MAAN YIH FENG NO266,2024-10-20T08:00:00Z,2025-04-01T20:00:00Z,DRIFTING_LONGLINES,FISHING,416222500,,BG4037,2024-08-27T01:40:36Z,2025-07-18T23:59:18Z,44.65
"2024-07-01T00:00:00.000Z,2025-07-01T00:00:00.000Z",CHN,JIN HUI 58,2025-05-01T22:00:00Z,2025-05-01T23:00:00Z,TUNA_PURSE_SEINES,FISHING,412371222,,BZW2A,2016-03-15T01:57:08Z,2025-05-21T06:28:42Z,0.39
"2024-07-01T00:00:00.000Z,2025-07-01T00:00:00.000Z",JPN,RYOUEIMARU,2025-06-04T04:00:00Z,2025-06-15T14:00:00Z,DRIFTING_LONGLINES,FISHING,431004389,,,2015-08-07T08:12:03Z,2025-07-18T23:40:32Z,216.82
"2024-07-01T00:00:00.000Z,2025-07-01T00:00:00.000Z",TWN,LIAN YI HSING NO.12,2025-01-30T22:00:00Z,2025-06-30T23:00:00Z,DRIFTING_LONGLINES,FISHING,416001084,,BJ4595,2024-03-30T05:58:57Z,2025-07-18T22:45:01Z,846.38
"2024-07-01T00:00:00.000Z,2025-07-01T00:00:00.000Z",JPN,KINEI MARU NO.118,2025-02-19T00:00:00Z,2025-02-19T02:00:00Z,DRIFTING_LONGLINES,FISHING,432453000,9311907,JGOG,2021-07-07T23:32:45Z,2025-07-18T23:58:20Z,1.82
"2024-07-01T00:00:00.000Z,2025-07-01T00:00:00.000Z",JPN,ASAHIMARU NO.11,2025-03-02T20:00:00Z,2025-05-11T00:00:00Z,POLE_AND_LINE,FISHING,431484000,9816438,7JYQ,2022-03-29T23:13:31Z,2025-07-18T23:59:57Z,128.68
"2024-07-01T00:00:00.000Z,2025-07-01T00:00:00.000Z",TWN,SHENG I TSAI NO.168,2025-02-14T15:00:00Z,2025-06-30T23:00:00Z,DRIFTING_LONGLINES,FISHING,416002556,,BG3887,2025-01-21T02:02:26Z,2025-07-12T09:44:31Z,2111.33
"2024-07-01T00:00:00.000Z,2025-07-01T00:00:00.000Z",TWN,HAI CHIEN HSING,2024-07-01T06:00:00Z,2025-06-30T23:00:00Z,DRIFTING_LONGLINES,FISHING,416002441,,BJ4799,2021-11-23T07:13:42Z,2025-07-18T23:56:07Z,2071.37
"2024-07-01T00:00:00.000Z,2025-07-01T00:00:00.000Z",JPN,SEIRYO MARU NO18,2025-06-14T18:00:00Z,2025-06-22T14:00:00Z,SET_LONGLINES,FISHING,431002127,,,2015-09-12T13:00:14Z,2025-07-18T23:47:53Z,151.48
"2024-07-01T00:00:00.000Z,2025-07-01T00:00:00.000Z",JPN,CHOKYU MARU NO.68,2024-08-11T04:00:00Z,2024-08-11T06:00:00Z,DRIFTING_LONGLINES,FISHING,431100990,,7LQK,2016-08-06T08:04:13Z,2025-07-18T21:31:54Z,2.30
"2024-07-01T00:00:00.000Z,2025-07-01T00:00:00.000Z",JPN,NO.8KOUSHINMARU,2025-02-14T19:00:00Z,2025-06-23T18:00:00Z,DRIFTING_LONGLINES,FISHING,431600660,,JM6027,2015-09-16T06:42:33Z,2025-07-18T21:44:57Z,191.37
"2024-07-01T00:00:00.000Z,2025-07-01T00:00:00.000Z",JPN,"NIKKO MARU N0,11",2024-12-03T13:00:00Z,2025-03-24T00:00:00Z,POLE_AND_LINE,FISHING,431768000,,JDNH,2012-12-14T01:45:31Z,2025-07-18T23:59:52Z,108.90
"2024-07-01T00:00:00.000Z,2025-07-01T00:00:00.000Z",CHN,XIN SHI JI 81,2025-01-02T09:00:00Z,2025-01-02T10:00:00Z,DRIFTING_LONGLINES,FISHING,412695660,,BZVY4,2020-11-24T20:17:07Z,2025-07-18T23:58:09Z,0.85
"2024-07-01T00:00:00.000Z,2025-07-01T00:00:00.000Z",TWN,YI FENG NO826,2025-06-13T16:00:00Z,2025-06-30T23:00:00Z,DRIFTING_LONGLINES,FISHING,416001943,,BG3943,2023-11-09T03:32:17Z,2025-07-17T03:36:43Z,330.18
"2024-07-01T00:00:00.000Z,2025-07-01T00:00:00.000Z",TWN,CHIUANFACHENG NO166,2025-02-19T17:00:00Z,2025-03-09T17:00:00Z,DRIFTING_LONGLINES,FISHING,416211600,,BG4008,2024-08-27T08:38:58Z,2025-07-04T08:20:26Z,293.76
"2024-07-01T00:00:00.000Z,2025-07-01T00:00:00.000Z",TWN,CHIEN YUAN MING NO88,2024-07-10T00:00:00Z,2024-12-20T19:00:00Z,DRIFTING_LONGLINES,FISHING,416009012,,BG3827,2022-08-15T01:52:15Z,2025-07-18T23:57:14Z,638.43
"2024-07-01T00:00:00.000Z,2025-07-01T00:00:00.000Z",JPN,YUKOMARU NO.5,2024-07-13T00:00:00Z,2025-06-25T18:00:00Z,DRIFTING_LONGLINES,FISHING,431200702,,,2018-06-03T00:01:05Z,2025-07-18T23:38:02Z,802.48
"2024-07-01T00:00:00.000Z,2025-07-01T00:00:00.000Z",TWN,JIN MING CAI NO6,2025-01-25T16:00:00Z,2025-02-16T12:00:00Z,DRIFTING_LONGLINES,FISHING,416002724,,BG3865,2025-01-07T03:24:03Z,2025-07-18T23:58:12Z,278.33
"2024-07-01T00:00:00.000Z,2025-07-01T00:00:00.000Z",JPN,TOYOKUNI MARU NO.8,2025-01-16T20:00:00Z,2025-03-12T19:00:00Z,POLE_AND_LINE,FISHING,431722000,9115250,JEHR,2013-12-08T23:05:19Z,2025-07-18T23:59:53Z,139.63
"2024-07-01T00:00:00.000Z,2025-07-01T00:00:00.000Z",JPN,NIKKO MARU NO.1,2025-03-08T07:00:00Z,2025-03-20T08:00:00Z,POLE_AND_LINE,FISHING,431769000,,JEIK,2012-01-01T01:29:51Z,2025-07-18T23:59:15Z,82.51
"2024-07-01T00:00:00.000Z,2025-07-01T00:00:00.000Z",JPN,SHINSEI NO.71,2025-04-14T18:00:00Z,2025-04-21T17:00:00Z,DRIFTING_LONGLINES,FISHING,431501176,,,2024-12-13T02:42:21Z,2025-07-18T23:56:27Z,114.92
"2024-07-01T00:00:00.000Z,2025-07-01T00:00:00.000Z",TWN,AN WEN FA NO22,2025-03-16T20:00:00Z,2025-04-13T02:00:00Z,DRIFTING_LONGLINES,FISHING,416000521,,BJ4334,2023-03-02T23:57:01Z,2025-07-18T23:27:00Z,533.57
"2024-07-01T00:00:00.000Z,2025-07-01T00:00:00.000Z",JPN,"TAKAMARU NO,23",2024-08-30T17:00:00Z,2024-09-04T09:00:00Z,DRIFTING_LONGLINES,FISHING,431600140,,,2016-07-02T00:36:37Z,2025-06-20T04:15:24Z,56.32
"2024-07-01T00:00:00.000Z,2025-07-01T00:00:00.000Z",TWN,CHERNG YIH MAAN,2025-02-24T19:00:00Z,2025-04-17T12:00:00Z,DRIFTING_LONGLINES,FISHING,416002216,,BJ4767,2012-09-03T02:06:05Z,2025-06-18T14:50:53Z,866.70
